Package ID,Origin,Destination,Square Meters,RLD,EAD,LAD
1,Fort Hood,1,8002,2025-12-26,2026-01-11,2026-01-15
2,Fort Lewis,1,6399,2026-01-04,2026-01-18,2026-01-27
3,Camp Atterbury,1,6170,2025-12-30,2026-01-18,2026-01-21
4,Fort Bliss,1,6326,2026-01-08,2026-01-18,2026-01-21
5,Camp Pendleton,1,10126,2026-01-06,2026-01-26,2026-01-30
6,Fort Stewart,1,7485,2025-12-24,2026-01-10,2026-01-20
7,Fort Bragg,1,8025,2025-12-24,2026-01-04,2026-01-14
8,Fort McCoy,1,6911,2025-12-27,2026-01-07,2026-01-12
9,Fort Carson,1,7394,2025-12-25,2026-01-07,2026-01-12
10,Camp Lejune,1,6403,2026-01-09,2026-01-19,2026-01-22
11,Fort Campbell,1,7143,2026-01-03,2026-01-16,2026-01-20
12,Fort Riley,1,6146,2025-12-23,2026-01-06,2026-01-11
13,Fort Drum,1,6829,2025-12-31,2026-01-16,2026-01-20
14,Fort Dix,1,7458,2026-01-06,2026-01-26,2026-02-03
15,Fort Polk,1,5992,2026-01-05,2026-01-17,2026-01-19
16,Fort Still,1,8532,2025-12-30,2026-01-16,2026-01-22
17,Fort Irwin,1,8022,2026-01-05,2026-01-23,2026-02-02
18,Fort Knox,1,5401,2026-01-09,2026-01-25,2026-01-28
19,Fort Leonard Wood,1,6365,2026-01-04,2026-01-21,2026-01-25
20,Camp Shelby,1,8143,2026-01-11,2026-01-23,2026-01-31
21,Fort Hood,2,426,2026-01-10,2026-01-24,2026-01-31
22,Fort Lewis,2,730,2025-12-24,2026-01-13,2026-01-18
23,Camp Atterbury,2,610,2025-12-22,2026-01-08,2026-01-13
24,Fort Bliss,2,1192,2025-12-23,2026-01-02,2026-01-09
25,Camp Pendleton,2,614,2026-01-02,2026-01-17,2026-01-27
26,Fort Stewart,2,894,2026-01-11,2026-01-26,2026-02-05
27,Fort Bragg,2,931,2025-12-30,2026-01-18,2026-01-25
28,Fort McCoy,2,1464,2025-12-29,2026-01-10,2026-01-15
29,Fort Carson,2,975,2026-01-07,2026-01-19,2026-01-23
30,Camp Lejune,2,2167,2025-12-30,2026-01-14,2026-01-17
31,Fort Campbell,2,1549,2025-12-29,2026-01-13,2026-01-22
32,Fort Riley,2,1188,2026-01-03,2026-01-16,2026-01-20
33,Fort Drum,2,1951,2026-01-09,2026-01-23,2026-01-26
34,Fort Dix,2,449,2026-01-11,2026-01-30,2026-02-09
35,Fort Polk,2,699,2026-01-03,2026-01-22,2026-01-30
36,Fort Still,2,754,2026-01-02,2026-01-13,2026-01-19
37,Fort Irwin,2,1640,2026-01-03,2026-01-23,2026-01-26
38,Fort Knox,2,1708,2026-01-01,2026-01-21,2026-01-29
39,Fort Leonard Wood,2,324,2025-12-22,2026-01-07,2026-01-14
40,Camp Shelby,2,604,2026-01-03,2026-01-23,2026-01-25
41,Fort Hood,1,7798,2025-12-30,2026-01-16,2026-01-21
42,Fort Lewis,1,6730,2025-12-26,2026-01-06,2026-01-16
43,Camp Atterbury,1,6109,2025-12-30,2026-01-15,2026-01-20
44,Fort Bliss,1,7255,2026-01-06,2026-01-19,2026-01-26
45,Camp Pendleton,1,8758,2026-01-04,2026-01-19,2026-01-27
46,Fort Stewart,1,6250,2026-01-09,2026-01-29,2026-02-02
47,Fort Bragg,1,7143,2025-12-29,2026-01-08,2026-01-10
48,Fort McCoy,1,7925,2026-01-04,2026-01-24,2026-02-02
49,Fort Carson,1,7308,2025-12-29,2026-01-18,2026-01-28
50,Camp Lejune,1,6202,2026-01-05,2026-01-18,2026-01-20
51,Fort Campbell,1,6184,2026-01-04,2026-01-19,2026-01-24
52,Fort Riley,1,6653,2026-01-03,2026-01-23,2026-02-01
53,Fort Drum,1,6596,2026-01-05,2026-01-18,2026-01-27
54,Fort Dix,1,7209,2026-01-07,2026-01-24,2026-02-02
55,Fort Polk,1,5212,2025-12-26,2026-01-07,2026-01-09
56,Fort Still,1,9117,2025-12-28,2026-01-08,2026-01-17
57,Fort Irwin,1,7871,2025-12-26,2026-01-07,2026-01-13
58,Fort Knox,1,6165,2026-01-07,2026-01-17,2026-01-19
59,Fort Leonard Wood,1,5337,2025-12-22,2026-01-02,2026-01-07
60,Camp Shelby,1,7099,2025-12-24,2026-01-05,2026-01-08
61,Fort Hood,2,1090,2025-12-22,2026-01-11,2026-01-15
62,Fort Lewis,2,1468,2026-01-10,2026-01-22,2026-02-01
63,Camp Atterbury,2,1595,2026-01-01,2026-01-11,2026-01-20
64,Fort Bliss,2,2290,2025-12-31,2026-01-20,2026-01-29
65,Camp Pendleton,2,1012,2026-01-08,2026-01-23,2026-02-02
66,Fort Stewart,2,2335,2026-01-04,2026-01-17,2026-01-20
67,Fort Bragg,2,1885,2026-01-08,2026-01-25,2026-02-02
68,Fort McCoy,2,1291,2026-01-10,2026-01-22,2026-01-31
69,Fort Carson,2,2159,2025-12-22,2026-01-09,2026-01-13
70,Camp Lejune,2,585,2025-12-25,2026-01-10,2026-01-14
71,Fort Campbell,2,1891,2025-12-29,2026-01-18,2026-01-28
72,Fort Riley,2,900,2025-12-24,2026-01-07,2026-01-13
73,Fort Drum,2,1119,2026-01-04,2026-01-17,2026-01-23
74,Fort Dix,2,2225,2025-12-25,2026-01-11,2026-01-20
75,Fort Polk,2,2246,2025-12-23,2026-01-04,2026-01-11
76,Fort Still,2,2023,2026-01-02,2026-01-19,2026-01-26
77,Fort Irwin,2,805,2025-12-26,2026-01-13,2026-01-20
78,Fort Knox,2,1621,2025-12-24,2026-01-06,2026-01-09
79,Fort Leonard Wood,2,2109,2025-12-25,2026-01-08,2026-01-13
80,Camp Shelby,2,2140,2026-01-04,2026-01-20,2026-01-22
81,Fort Hood,1,6932,2026-01-02,2026-01-16,2026-01-23
82,Fort Lewis,1,6283,2026-01-05,2026-01-23,2026-01-31
83,Camp Atterbury,1,5049,2026-01-05,2026-01-19,2026-01-27
84,Fort Bliss,1,5698,2026-01-06,2026-01-26,2026-01-31
85,Camp Pendleton,1,10027,2025-12-27,2026-01-15,2026-01-22
86,Fort Stewart,1,6383,2025-12-25,2026-01-06,2026-01-11
87,Fort Bragg,1,7303,2026-01-03,2026-01-18,2026-01-26
88,Fort McCoy,1,7826,2025-12-24,2026-01-09,2026-01-19
89,Fort Carson,1,7755,2025-12-31,2026-01-17,2026-01-24
90,Camp Lejune,1,6434,2025-12-22,2026-01-05,2026-01-09
91,Fort Campbell,1,7310,2026-01-07,2026-01-20,2026-01-26
92,Fort Riley,1,5971,2026-01-01,2026-01-11,2026-01-17
93,Fort Drum,1,6037,2025-12-30,2026-01-16,2026-01-22
94,Fort Dix,1,6920,2026-01-06,2026-01-17,2026-01-21
95,Fort Polk,1,5351,2026-01-01,2026-01-15,2026-01-21
96,Fort Still,1,10098,2026-01-02,2026-01-15,2026-01-18
97,Fort Irwin,1,8313,2025-12-22,2026-01-06,2026-01-09
98,Fort Knox,1,6647,2025-12-25,2026-01-14,2026-01-20
99,Fort Leonard Wood,1,5557,2026-01-04,2026-01-24,2026-01-27
100,Camp Shelby,1,7703,2026-01-11,2026-01-29,2026-02-05
101,Fort Hood,2,313,2025-12-23,2026-01-07,2026-01-13
102,Fort Lewis,2,1473,2026-01-11,2026-01-27,2026-01-31
103,Camp Atterbury,2,664,2026-01-07,2026-01-19,2026-01-21
104,Fort Bliss,2,2172,2026-01-02,2026-01-15,2026-01-25
105,Camp Pendleton,2,2294,2026-01-04,2026-01-21,2026-01-25
106,Fort Stewart,2,1842,2026-01-02,2026-01-19,2026-01-23
107,Fort Bragg,2,1898,2025-12-31,2026-01-20,2026-01-25
108,Fort McCoy,2,2094,2026-01-07,2026-01-20,2026-01-26
109,Fort Carson,2,1576,2025-12-29,2026-01-17,2026-01-22
110,Camp Lejune,2,183,2025-12-24,2026-01-07,2026-01-12
111,Fort Campbell,2,397,2025-12-22,2026-01-05,2026-01-07
112,Fort Riley,2,444,2026-01-04,2026-01-23,2026-02-01
113,Fort Drum,2,436,2025-12-24,2026-01-13,2026-01-21
114,Fort Dix,2,2225,2026-01-07,2026-01-20,2026-01-23
115,Fort Polk,2,545,2026-01-09,2026-01-28,2026-02-03
116,Fort Still,2,2110,2025-12-26,2026-01-07,2026-01-15
117,Fort Irwin,2,371,2026-01-05,2026-01-18,2026-01-20
118,Fort Knox,2,1726,2026-01-10,2026-01-24,2026-02-01
119,Fort Leonard Wood,2,1186,2026-01-08,2026-01-28,2026-02-06
120,Camp Shelby,2,778,2025-12-29,2026-01-12,2026-01-22
121,Fort Hood,1,6797,2025-12-24,2026-01-10,2026-01-19
122,Fort Lewis,1,8085,2026-01-09,2026-01-25,2026-02-01
123,Camp Atterbury,1,6800,2025-12-30,2026-01-10,2026-01-12
124,Fort Bliss,1,6644,2026-01-01,2026-01-17,2026-01-21
125,Camp Pendleton,1,9318,2025-12-25,2026-01-07,2026-01-10
126,Fort Stewart,1,7353,2026-01-02,2026-01-22,2026-01-29
127,Fort Bragg,1,7198,2026-01-02,2026-01-12,2026-01-22
128,Fort McCoy,1,8369,2026-01-09,2026-01-29,2026-02-02
129,Fort Carson,1,7557,2026-01-09,2026-01-23,2026-01-31
130,Camp Lejune,1,6579,2026-01-07,2026-01-19,2026-01-27
131,Fort Campbell,1,6116,2026-01-07,2026-01-24,2026-01-29
132,Fort Riley,1,5378,2026-01-02,2026-01-21,2026-01-27
133,Fort Drum,1,6266,2026-01-09,2026-01-20,2026-01-24
134,Fort Dix,1,6017,2026-01-08,2026-01-28,2026-02-07
135,Fort Polk,1,6153,2026-01-07,2026-01-27,2026-01-31
136,Fort Still,1,8260,2026-01-07,2026-01-26,2026-02-05
137,Fort Irwin,1,8042,2026-01-09,2026-01-29,2026-01-31
138,Fort Knox,1,5390,2025-12-28,2026-01-13,2026-01-18
139,Fort Leonard Wood,1,6106,2026-01-06,2026-01-17,2026-01-21
140,Camp Shelby,1,7953,2026-01-09,2026-01-26,2026-02-03
141,Fort Hood,2,1086,2025-12-25,2026-01-09,2026-01-19
142,Fort Lewis,2,1400,2025-12-23,2026-01-08,2026-01-15
143,Camp Atterbury,2,2179,2026-01-09,2026-01-20,2026-01-22
144,Fort Bliss,2,831,2026-01-07,2026-01-18,2026-01-26
145,Camp Pendleton,2,1946,2025-12-31,2026-01-17,2026-01-21
146,Fort Stewart,2,1248,2026-01-07,2026-01-21,2026-01-27
147,Fort Bragg,2,2019,2026-01-11,2026-01-22,2026-01-31
148,Fort McCoy,2,1907,2026-01-10,2026-01-22,2026-01-26
149,Fort Carson,2,1798,2026-01-08,2026-01-20,2026-01-25
150,Camp Lejune,2,567,2026-01-05,2026-01-18,2026-01-24
151,Fort Campbell,2,966,2026-01-05,2026-01-18,2026-01-20
152,Fort Riley,2,911,2026-01-07,2026-01-19,2026-01-26
153,Fort Drum,2,995,2026-01-08,2026-01-25,2026-02-04
154,Fort Dix,2,1888,2026-01-03,2026-01-22,2026-01-25
155,Fort Polk,2,865,2025-12-29,2026-01-16,2026-01-19
156,Fort Still,2,1043,2026-01-07,2026-01-19,2026-01-26
157,Fort Irwin,2,437,2025-12-27,2026-01-15,2026-01-21
158,Fort Knox,2,777,2026-01-05,2026-01-15,2026-01-25
159,Fort Leonard Wood,2,1896,2026-01-05,2026-01-23,2026-01-29
160,Camp Shelby,2,2144,2025-12-29,2026-01-12,2026-01-14
161,Fort Hood,1,6827,2025-12-24,2026-01-05,2026-01-10
162,Fort Lewis,1,7142,2026-01-09,2026-01-23,2026-01-26
163,Camp Atterbury,1,5462,2026-01-06,2026-01-20,2026-01-29
164,Fort Bliss,1,6304,2025-12-26,2026-01-13,2026-01-16
165,Camp Pendleton,1,8468,2026-01-03,2026-01-15,2026-01-18
166,Fort Stewart,1,6247,2026-01-05,2026-01-22,2026-01-24
167,Fort Bragg,1,6889,2025-12-23,2026-01-02,2026-01-05
168,Fort McCoy,1,8365,2026-01-11,2026-01-29,2026-02-04
169,Fort Carson,1,8243,2026-01-10,2026-01-20,2026-01-25
170,Camp Lejune,1,6706,2025-12-31,2026-01-10,2026-01-12
171,Fort Campbell,1,6338,2025-12-29,2026-01-17,2026-01-23
172,Fort Riley,1,6000,2026-01-10,2026-01-30,2026-02-07
173,Fort Drum,1,6785,2025-12-30,2026-01-10,2026-01-19
174,Fort Dix,1,7190,2025-12-22,2026-01-03,2026-01-09
175,Fort Polk,1,5627,2026-01-09,2026-01-21,2026-01-31
176,Fort Still,1,8338,2026-01-09,2026-01-25,2026-01-28
177,Fort Irwin,1,8477,2026-01-10,2026-01-21,2026-01-24
178,Fort Knox,1,7242,2026-01-11,2026-01-25,2026-01-30
179,Fort Leonard Wood,1,5711,2025-12-30,2026-01-10,2026-01-15
180,Camp Shelby,1,7525,2025-12-28,2026-01-17,2026-01-23
181,Fort Hood,2,1633,2025-12-24,2026-01-03,2026-01-09
182,Fort Lewis,2,716,2026-01-07,2026-01-20,2026-01-29
183,Camp Atterbury,2,1666,2025-12-24,2026-01-05,2026-01-15
184,Fort Bliss,2,699,2026-01-03,2026-01-15,2026-01-22
185,Camp Pendleton,2,1638,2026-01-10,2026-01-20,2026-01-29
186,Fort Stewart,2,2186,2025-12-24,2026-01-06,2026-01-09
187,Fort Bragg,2,2508,2026-01-10,2026-01-25,2026-01-31
188,Fort McCoy,2,2024,2026-01-02,2026-01-18,2026-01-24
189,Fort Carson,2,1366,2026-01-11,2026-01-30,2026-02-04
190,Camp Lejune,2,991,2025-12-29,2026-01-09,2026-01-16
191,Fort Campbell,2,1944,2025-12-29,2026-01-16,2026-01-24
192,Fort Riley,2,913,2026-01-08,2026-01-20,2026-01-25
193,Fort Drum,2,2097,2025-12-24,2026-01-05,2026-01-10
194,Fort Dix,2,1016,2025-12-26,2026-01-15,2026-01-17
195,Fort Polk,2,1850,2025-12-26,2026-01-13,2026-01-19
196,Fort Still,2,1422,2025-12-31,2026-01-10,2026-01-12
197,Fort Irwin,2,749,2025-12-29,2026-01-17,2026-01-21
198,Fort Knox,2,1011,2025-12-24,2026-01-08,2026-01-13
199,Fort Leonard Wood,2,1260,2025-12-29,2026-01-13,2026-01-22
200,Camp Shelby,2,2192,2025-12-26,2026-01-06,2026-01-13
201,Fort Hood,1,7437,2025-12-24,2026-01-13,2026-01-17
202,Fort Lewis,1,6255,2026-01-01,2026-01-17,2026-01-24
203,Camp Atterbury,1,5633,2026-01-04,2026-01-14,2026-01-24
204,Fort Bliss,1,6237,2025-12-31,2026-01-19,2026-01-28
205,Camp Pendleton,1,8447,2025-12-30,2026-01-15,2026-01-22
206,Fort Stewart,1,7539,2026-01-08,2026-01-25,2026-01-30
207,Fort Bragg,1,8022,2025-12-22,2026-01-05,2026-01-11
208,Fort McCoy,1,7627,2025-12-24,2026-01-10,2026-01-20
209,Fort Carson,1,8825,2026-01-06,2026-01-17,2026-01-26
210,Camp Lejune,1,7056,2025-12-22,2026-01-09,2026-01-11
211,Fort Campbell,1,6765,2025-12-28,2026-01-15,2026-01-24
212,Fort Riley,1,6644,2025-12-30,2026-01-14,2026-01-24
213,Fort Drum,1,6747,2026-01-05,2026-01-25,2026-02-02
214,Fort Dix,1,7785,2026-01-05,2026-01-22,2026-01-28
215,Fort Polk,1,5532,2025-12-29,2026-01-08,2026-01-12
216,Fort Still,1,8380,2025-12-22,2026-01-04,2026-01-13
217,Fort Irwin,1,9392,2026-01-06,2026-01-16,2026-01-18
218,Fort Knox,1,6262,2025-12-25,2026-01-12,2026-01-15
219,Fort Leonard Wood,1,5097,2025-12-28,2026-01-16,2026-01-21
220,Camp Shelby,1,7556,2025-12-31,2026-01-19,2026-01-25
221,Fort Hood,2,1168,2025-12-23,2026-01-02,2026-01-05
222,Fort Lewis,2,1025,2026-01-04,2026-01-14,2026-01-20
223,Camp Atterbury,2,2027,2025-12-26,2026-01-12,2026-01-15
224,Fort Bliss,2,2134,2026-01-03,2026-01-14,2026-01-16
225,Camp Pendleton,2,517,2026-01-02,2026-01-18,2026-01-27
226,Fort Stewart,2,1067,2025-12-24,2026-01-08,2026-01-14
227,Fort Bragg,2,2107,2026-01-06,2026-01-26,2026-02-01
228,Fort McCoy,2,1858,2026-01-02,2026-01-15,2026-01-24
229,Fort Carson,2,1525,2026-01-08,2026-01-23,2026-02-01
230,Camp Lejune,2,989,2026-01-11,2026-01-26,2026-01-29
231,Fort Campbell,2,1555,2026-01-08,2026-01-24,2026-02-02
232,Fort Riley,2,1514,2026-01-09,2026-01-23,2026-01-27
233,Fort Drum,2,1026,2025-12-31,2026-01-15,2026-01-24
234,Fort Dix,2,1241,2026-01-09,2026-01-28,2026-02-04
235,Fort Polk,2,642,2026-01-06,2026-01-22,2026-01-27
236,Fort Still,2,1309,2025-12-28,2026-01-08,2026-01-15
237,Fort Irwin,2,1843,2025-12-28,2026-01-13,2026-01-20
238,Fort Knox,2,769,2026-01-05,2026-01-16,2026-01-25
239,Fort Leonard Wood,2,1770,2026-01-08,2026-01-28,2026-02-02
240,Camp Shelby,2,2084,2025-12-27,2026-01-13,2026-01-18
241,Fort Hood,1,7172,2026-01-10,2026-01-24,2026-01-31
242,Fort Lewis,1,6409,2025-12-29,2026-01-15,2026-01-21
243,Camp Atterbury,1,6085,2026-01-11,2026-01-23,2026-01-29
244,Fort Bliss,1,7271,2025-12-27,2026-01-06,2026-01-10
245,Camp Pendleton,1,8879,2026-01-05,2026-01-22,2026-01-24
246,Fort Stewart,1,6925,2025-12-31,2026-01-11,2026-01-15
247,Fort Bragg,1,8619,2026-01-06,2026-01-16,2026-01-23
248,Fort McCoy,1,7293,2025-12-27,2026-01-10,2026-01-18
249,Fort Carson,1,8795,2025-12-30,2026-01-13,2026-01-17
250,Camp Lejune,1,6603,2026-01-01,2026-01-15,2026-01-21
251,Fort Campbell,1,6962,2026-01-04,2026-01-18,2026-01-26
252,Fort Riley,1,6033,2026-01-04,2026-01-14,2026-01-18
253,Fort Drum,1,6742,2026-01-10,2026-01-26,2026-02-05
254,Fort Dix,1,6405,2026-01-05,2026-01-20,2026-01-26
255,Fort Polk,1,6170,2025-12-27,2026-01-14,2026-01-22
256,Fort Still,1,9008,2026-01-02,2026-01-12,2026-01-22
257,Fort Irwin,1,9609,2026-01-05,2026-01-20,2026-01-23
258,Fort Knox,1,5459,2025-12-23,2026-01-05,2026-01-10
259,Fort Leonard Wood,1,5042,2025-12-28,2026-01-11,2026-01-15
260,Camp Shelby,1,6833,2025-12-26,2026-01-14,2026-01-23
261,Fort Hood,2,1817,2026-01-08,2026-01-21,2026-01-30
262,Fort Lewis,2,909,2025-12-28,2026-01-13,2026-01-16
263,Camp Atterbury,2,1346,2025-12-27,2026-01-15,2026-01-19
264,Fort Bliss,2,1548,2026-01-11,2026-01-22,2026-01-29
265,Camp Pendleton,2,353,2025-12-28,2026-01-14,2026-01-21
266,Fort Stewart,2,559,2026-01-09,2026-01-24,2026-02-03
267,Fort Bragg,2,1886,2026-01-01,2026-01-20,2026-01-22
268,Fort McCoy,2,509,2025-12-27,2026-01-12,2026-01-15
269,Fort Carson,2,1073,2025-12-26,2026-01-05,2026-01-11
270,Camp Lejune,2,630,2025-12-22,2026-01-05,2026-01-13
271,Fort Campbell,2,294,2025-12-30,2026-01-19,2026-01-27
272,Fort Riley,2,2187,2025-12-27,2026-01-06,2026-01-16
273,Fort Drum,2,1760,2025-12-29,2026-01-10,2026-01-18
274,Fort Dix,2,992,2026-01-07,2026-01-21,2026-01-23
275,Fort Polk,2,2171,2025-12-25,2026-01-10,2026-01-15
276,Fort Still,2,2092,2026-01-02,2026-01-12,2026-01-19
277,Fort Irwin,2,2120,2026-01-07,2026-01-27,2026-02-06
278,Fort Knox,2,1301,2026-01-01,2026-01-16,2026-01-19
279,Fort Leonard Wood,2,1189,2025-12-29,2026-01-18,2026-01-26
280,Camp Shelby,2,619,2026-01-04,2026-01-22,2026-02-01
281,Fort Hood,1,6370,2025-12-22,2026-01-08,2026-01-15
282,Fort Lewis,1,7697,2025-12-24,2026-01-06,2026-01-15
283,Camp Atterbury,1,6656,2026-01-08,2026-01-18,2026-01-28
284,Fort Bliss,1,6755,2025-12-22,2026-01-08,2026-01-12
285,Camp Pendleton,1,9932,2025-12-22,2026-01-08,2026-01-11
286,Fort Stewart,1,5914,2026-01-11,2026-01-25,2026-01-29
287,Fort Bragg,1,6717,2025-12-26,2026-01-06,2026-01-09
288,Fort McCoy,1,8299,2025-12-22,2026-01-08,2026-01-13
289,Fort Carson,1,8387,2026-01-06,2026-01-18,2026-01-21
290,Camp Lejune,1,6252,2026-01-02,2026-01-13,2026-01-20
291,Fort Campbell,1,5662,2025-12-28,2026-01-15,2026-01-22
292,Fort Riley,1,6550,2025-12-30,2026-01-14,2026-01-22
293,Fort Drum,1,6254,2025-12-29,2026-01-13,2026-01-19
294,Fort Dix,1,6667,2026-01-08,2026-01-28,2026-02-05
295,Fort Polk,1,5666,2026-01-02,2026-01-19,2026-01-26
296,Fort Still,1,9464,2026-01-06,2026-01-21,2026-01-26
297,Fort Irwin,1,8629,2025-12-31,2026-01-12,2026-01-17
298,Fort Knox,1,6254,2025-12-31,2026-01-15,2026-01-19
299,Fort Leonard Wood,1,6583,2026-01-07,2026-01-21,2026-01-23
300,Camp Shelby,1,8510,2025-12-30,2026-01-14,2026-01-16
301,Fort Hood,2,669,2025-12-24,2026-01-13,2026-01-22
302,Fort Lewis,2,2237,2025-12-23,2026-01-05,2026-01-13
303,Camp Atterbury,2,874,2025-12-26,2026-01-05,2026-01-08
304,Fort Bliss,2,1467,2025-12-28,2026-01-15,2026-01-23
305,Camp Pendleton,2,1910,2026-01-01,2026-01-15,2026-01-21
306,Fort Stewart,2,985,2025-12-25,2026-01-09,2026-01-17
307,Fort Bragg,2,2482,2025-12-31,2026-01-19,2026-01-26
308,Fort McCoy,2,1603,2025-12-27,2026-01-07,2026-01-12
309,Fort Carson,2,971,2025-12-31,2026-01-20,2026-01-25
310,Camp Lejune,2,2145,2025-12-27,2026-01-06,2026-01-12
311,Fort Campbell,2,175,2025-12-24,2026-01-11,2026-01-18
312,Fort Riley,2,577,2026-01-05,2026-01-20,2026-01-23
313,Fort Drum,2,1332,2025-12-25,2026-01-07,2026-01-13
314,Fort Dix,2,1887,2025-12-23,2026-01-05,2026-01-10
315,Fort Polk,2,663,2025-12-24,2026-01-10,2026-01-14
316,Fort Still,2,2297,2025-12-22,2026-01-02,2026-01-07
317,Fort Irwin,2,546,2025-12-25,2026-01-11,2026-01-13
318,Fort Knox,2,878,2026-01-10,2026-01-26,2026-02-03
319,Fort Leonard Wood,2,753,2026-01-10,2026-01-21,2026-01-26
320,Camp Shelby,2,1228,2025-12-28,2026-01-15,2026-01-18
321,Fort Hood,1,6512,2025-12-28,2026-01-15,2026-01-25
322,Fort Lewis,1,6546,2026-01-09,2026-01-20,2026-01-27
323,Camp Atterbury,1,5526,2026-01-07,2026-01-27,2026-02-05
324,Fort Bliss,1,5810,2026-01-07,2026-01-18,2026-01-22
325,Camp Pendleton,1,8784,2025-12-22,2026-01-07,2026-01-16
326,Fort Stewart,1,6672,2025-12-23,2026-01-06,2026-01-14
327,Fort Bragg,1,8451,2026-01-08,2026-01-25,2026-01-31
328,Fort McCoy,1,8298,2026-01-03,2026-01-14,2026-01-21
329,Fort Carson,1,7634,2026-01-09,2026-01-21,2026-01-31
330,Camp Lejune,1,7145,2026-01-04,2026-01-18,2026-01-20
331,Fort Campbell,1,6238,2026-01-04,2026-01-16,2026-01-19
332,Fort Riley,1,7002,2026-01-11,2026-01-21,2026-01-23
333,Fort Drum,1,7362,2026-01-08,2026-01-28,2026-02-04
334,Fort Dix,1,7221,2026-01-07,2026-01-26,2026-01-30
335,Fort Polk,1,5253,2026-01-11,2026-01-30,2026-02-03
336,Fort Still,1,8189,2025-12-26,2026-01-05,2026-01-13
337,Fort Irwin,1,8863,2026-01-02,2026-01-15,2026-01-20
338,Fort Knox,1,5401,2025-12-24,2026-01-10,2026-01-13
339,Fort Leonard Wood,1,5324,2026-01-02,2026-01-19,2026-01-23
340,Camp Shelby,1,7876,2025-12-25,2026-01-13,2026-01-22
341,Fort Hood,2,702,2026-01-01,2026-01-18,2026-01-22
342,Fort Lewis,2,1338,2025-12-24,2026-01-04,2026-01-12
343,Camp Atterbury,2,1399,2025-12-26,2026-01-06,2026-01-11
344,Fort Bliss,2,940,2026-01-03,2026-01-22,2026-01-26
345,Camp Pendleton,2,2186,2026-01-04,2026-01-16,2026-01-25
346,Fort Stewart,2,1193,2025-12-28,2026-01-15,2026-01-21
347,Fort Bragg,2,910,2026-01-06,2026-01-26,2026-02-03
348,Fort McCoy,2,1417,2026-01-06,2026-01-21,2026-01-28
349,Fort Carson,2,1493,2026-01-10,2026-01-30,2026-02-08
350,Camp Lejune,2,756,2025-12-23,2026-01-07,2026-01-09
351,Fort Campbell,2,494,2026-01-10,2026-01-28,2026-02-06
352,Fort Riley,2,923,2025-12-28,2026-01-12,2026-01-18
353,Fort Drum,2,2111,2025-12-28,2026-01-16,2026-01-22
354,Fort Dix,2,2154,2026-01-05,2026-01-24,2026-01-30
355,Fort Polk,2,2234,2025-12-28,2026-01-09,2026-01-15
356,Fort Still,2,2322,2026-01-06,2026-01-26,2026-02-02
357,Fort Irwin,2,1179,2026-01-02,2026-01-13,2026-01-19
358,Fort Knox,2,1278,2025-12-26,2026-01-09,2026-01-19
359,Fort Leonard Wood,2,995,2026-01-07,2026-01-22,2026-01-26
360,Camp Shelby,2,1620,2025-12-27,2026-01-16,2026-01-26
361,Fort Hood,1,6800,2026-01-10,2026-01-23,2026-02-01
362,Fort Lewis,1,6821,2026-01-02,2026-01-20,2026-01-24
363,Camp Atterbury,1,6533,2025-12-30,2026-01-15,2026-01-24
364,Fort Bliss,1,5913,2025-12-29,2026-01-17,2026-01-21
365,Camp Pendleton,1,9876,2026-01-10,2026-01-28,2026-01-31
366,Fort Stewart,1,7451,2026-01-09,2026-01-25,2026-01-28
367,Fort Bragg,1,7325,2026-01-10,2026-01-20,2026-01-23
368,Fort McCoy,1,7064,2026-01-06,2026-01-25,2026-02-01
369,Fort Carson,1,8070,2026-01-06,2026-01-19,2026-01-22
370,Camp Lejune,1,6939,2025-12-27,2026-01-06,2026-01-16
371,Fort Campbell,1,6744,2026-01-11,2026-01-25,2026-02-03
372,Fort Riley,1,6741,2025-12-25,2026-01-08,2026-01-10
373,Fort Drum,1,5661,2026-01-10,2026-01-23,2026-01-28
374,Fort Dix,1,6785,2026-01-06,2026-01-16,2026-01-25
375,Fort Polk,1,5219,2026-01-08,2026-01-20,2026-01-26
376,Fort Still,1,8355,2026-01-01,2026-01-15,2026-01-24
377,Fort Irwin,1,8306,2026-01-01,2026-01-19,2026-01-26
378,Fort Knox,1,5573,2026-01-07,2026-01-22,2026-01-29
379,Fort Leonard Wood,1,6144,2026-01-10,2026-01-30,2026-02-08
380,Camp Shelby,1,7073,2026-01-08,2026-01-18,2026-01-27
381,Fort Hood,2,1494,2025-12-22,2026-01-03,2026-01-07
382,Fort Lewis,2,2309,2026-01-06,2026-01-16,2026-01-22
383,Camp Atterbury,2,1328,2025-12-31,2026-01-17,2026-01-27
384,Fort Bliss,2,1900,2025-12-29,2026-01-09,2026-01-11
385,Camp Pendleton,2,461,2025-12-22,2026-01-01,2026-01-09
386,Fort Stewart,2,1478,2026-01-05,2026-01-22,2026-01-28
387,Fort Bragg,2,2356,2026-01-02,2026-01-14,2026-01-16
388,Fort McCoy,2,874,2025-12-23,2026-01-05,2026-01-10
389,Fort Carson,2,494,2026-01-02,2026-01-12,2026-01-19
390,Camp Lejune,2,443,2025-12-23,2026-01-09,2026-01-11
391,Fort Campbell,2,1571,2025-12-31,2026-01-17,2026-01-25
392,Fort Riley,2,2303,2026-01-03,2026-01-17,2026-01-20
393,Fort Drum,2,1074,2025-12-28,2026-01-10,2026-01-20
394,Fort Dix,2,922,2025-12-22,2026-01-05,2026-01-14
395,Fort Polk,2,2422,2025-12-28,2026-01-13,2026-01-19
396,Fort Still,2,2217,2026-01-01,2026-01-18,2026-01-28
397,Fort Irwin,2,566,2025-12-22,2026-01-04,2026-01-08
398,Fort Knox,2,727,2026-01-06,2026-01-20,2026-01-25
399,Fort Leonard Wood,2,257,2025-12-24,2026-01-10,2026-01-12
400,Camp Shelby,2,2125,2025-12-22,2026-01-05,2026-01-07
401,Fort Hood,1,6630,2026-01-02,2026-01-21,2026-01-23
402,Fort Lewis,1,7545,2026-01-04,2026-01-24,2026-01-28
403,Camp Atterbury,1,5913,2025-12-31,2026-01-11,2026-01-16
404,Fort Bliss,1,5644,2026-01-01,2026-01-14,2026-01-17
405,Camp Pendleton,1,9309,2026-01-03,2026-01-15,2026-01-24
406,Fort Stewart,1,5896,2026-01-08,2026-01-27,2026-01-29
407,Fort Bragg,1,8554,2025-12-25,2026-01-13,2026-01-16
408,Fort McCoy,1,8392,2026-01-03,2026-01-23,2026-01-26
409,Fort Carson,1,8169,2026-01-11,2026-01-23,2026-01-30
410,Camp Lejune,1,5868,2025-12-24,2026-01-04,2026-01-10
411,Fort Campbell,1,5673,2026-01-01,2026-01-19,2026-01-22
412,Fort Riley,1,5396,2026-01-04,2026-01-22,2026-01-29
413,Fort Drum,1,6880,2026-01-07,2026-01-18,2026-01-21
414,Fort Dix,1,5941,2026-01-01,2026-01-17,2026-01-23
415,Fort Polk,1,5544,2025-12-23,2026-01-04,2026-01-13
416,Fort Still,1,10098,2025-12-27,2026-01-15,2026-01-22
417,Fort Irwin,1,8079,2026-01-11,2026-01-28,2026-02-06
418,Fort Knox,1,7030,2025-12-29,2026-01-15,2026-01-17
419,Fort Leonard Wood,1,6964,2025-12-28,2026-01-08,2026-01-11
420,Camp Shelby,1,8488,2026-01-11,2026-01-27,2026-01-31
421,Fort Hood,2,1772,2026-01-06,2026-01-23,2026-01-28
422,Fort Lewis,2,1033,2025-12-31,2026-01-15,2026-01-21
423,Camp Atterbury,2,2201,2025-12-31,2026-01-18,2026-01-22
424,Fort Bliss,2,1358,2026-01-05,2026-01-24,2026-02-03
425,Camp Pendleton,2,836,2025-12-24,2026-01-11,2026-01-14
426,Fort Stewart,2,831,2026-01-09,2026-01-28,2026-02-03
427,Fort Bragg,2,1728,2026-01-10,2026-01-21,2026-01-29
428,Fort McCoy,2,612,2026-01-04,2026-01-15,2026-01-20
429,Fort Carson,2,608,2026-01-05,2026-01-20,2026-01-28
430,Camp Lejune,2,1271,2026-01-02,2026-01-17,2026-01-19
431,Fort Campbell,2,287,2026-01-03,2026-01-19,2026-01-28
432,Fort Riley,2,857,2025-12-27,2026-01-08,2026-01-18
433,Fort Drum,2,806,2025-12-26,2026-01-05,2026-01-14
434,Fort Dix,2,601,2025-12-23,2026-01-10,2026-01-13
435,Fort Polk,2,1229,2026-01-05,2026-01-16,2026-01-25
436,Fort Still,2,1692,2026-01-06,2026-01-20,2026-01-28
437,Fort Irwin,2,1101,2025-12-28,2026-01-10,2026-01-20
438,Fort Knox,2,625,2025-12-24,2026-01-07,2026-01-13
439,Fort Leonard Wood,2,1947,2026-01-07,2026-01-18,2026-01-21
440,Camp Shelby,2,741,2026-01-08,2026-01-19,2026-01-26
441,Fort Hood,1,6754,2025-12-27,2026-01-11,2026-01-17
442,Fort Lewis,1,7378,2025-12-29,2026-01-10,2026-01-18
443,Camp Atterbury,1,6505,2025-12-27,2026-01-11,2026-01-17
444,Fort Bliss,1,7435,2026-01-11,2026-01-21,2026-01-23
445,Camp Pendleton,1,8557,2025-12-31,2026-01-11,2026-01-14
446,Fort Stewart,1,5812,2025-12-23,2026-01-05,2026-01-10
447,Fort Bragg,1,6964,2025-12-29,2026-01-09,2026-01-15
448,Fort McCoy,1,7663,2026-01-11,2026-01-27,2026-02-01
449,Fort Carson,1,7178,2025-12-26,2026-01-11,2026-01-17
450,Camp Lejune,1,5697,2025-12-23,2026-01-12,2026-01-15
451,Fort Campbell,1,7236,2025-12-30,2026-01-13,2026-01-19
452,Fort Riley,1,6059,2025-12-30,2026-01-12,2026-01-14
453,Fort Drum,1,6420,2026-01-09,2026-01-19,2026-01-21
454,Fort Dix,1,7776,2025-12-28,2026-01-14,2026-01-23
455,Fort Polk,1,5447,2026-01-11,2026-01-28,2026-01-30
456,Fort Still,1,8402,2025-12-31,2026-01-19,2026-01-24
457,Fort Irwin,1,9005,2025-12-29,2026-01-17,2026-01-20
458,Fort Knox,1,6665,2026-01-04,2026-01-20,2026-01-22
459,Fort Leonard Wood,1,6683,2025-12-24,2026-01-06,2026-01-16
460,Camp Shelby,1,7049,2025-12-29,2026-01-11,2026-01-17
461,Fort Hood,2,191,2025-12-23,2026-01-08,2026-01-13
462,Fort Lewis,2,2467,2026-01-11,2026-01-27,2026-02-02
463,Camp Atterbury,2,813,2025-12-30,2026-01-11,2026-01-17
464,Fort Bliss,2,2059,2025-12-24,2026-01-03,2026-01-05
465,Camp Pendleton,2,574,2026-01-02,2026-01-21,2026-01-26
466,Fort Stewart,2,1130,2026-01-10,2026-01-25,2026-02-02
467,Fort Bragg,2,1210,2026-01-06,2026-01-20,2026-01-22
468,Fort McCoy,2,470,2025-12-30,2026-01-16,2026-01-21
469,Fort Carson,2,876,2026-01-09,2026-01-27,2026-02-02
470,Camp Lejune,2,1788,2026-01-11,2026-01-23,2026-01-29
471,Fort Campbell,2,1073,2025-12-25,2026-01-14,2026-01-23
472,Fort Riley,2,1272,2026-01-11,2026-01-29,2026-02-02
473,Fort Drum,2,1758,2025-12-26,2026-01-05,2026-01-15
474,Fort Dix,2,1731,2026-01-07,2026-01-24,2026-01-28
475,Fort Polk,2,1210,2026-01-10,2026-01-24,2026-01-31
476,Fort Still,2,1906,2026-01-02,2026-01-20,2026-01-28
477,Fort Irwin,2,615,2025-12-28,2026-01-17,2026-01-19
478,Fort Knox,2,1064,2025-12-30,2026-01-18,2026-01-25
479,Fort Leonard Wood,2,2110,2026-01-08,2026-01-18,2026-01-25
480,Camp Shelby,2,367,2026-01-07,2026-01-22,2026-01-28
481,Fort Hood,1,7290,2025-12-28,2026-01-10,2026-01-17
482,Fort Lewis,1,6561,2025-12-27,2026-01-11,2026-01-15
483,Camp Atterbury,1,5601,2025-12-30,2026-01-18,2026-01-21
484,Fort Bliss,1,6889,2025-12-23,2026-01-09,2026-01-11
485,Camp Pendleton,1,9466,2026-01-08,2026-01-20,2026-01-23
486,Fort Stewart,1,5709,2026-01-03,2026-01-22,2026-01-29
487,Fort Bragg,1,8509,2025-12-28,2026-01-07,2026-01-14
488,Fort McCoy,1,7783,2025-12-28,2026-01-11,2026-01-19
489,Fort Carson,1,8242,2026-01-06,2026-01-23,2026-01-26
490,Camp Lejune,1,6469,2026-01-10,2026-01-25,2026-01-30
491,Fort Campbell,1,6781,2025-12-26,2026-01-13,2026-01-20
492,Fort Riley,1,5224,2025-12-31,2026-01-17,2026-01-19
493,Fort Drum,1,6996,2025-12-29,2026-01-18,2026-01-25
494,Fort Dix,1,7323,2026-01-03,2026-01-21,2026-01-31
495,Fort Polk,1,6887,2025-12-25,2026-01-11,2026-01-19
496,Fort Still,1,9253,2026-01-09,2026-01-25,2026-02-03
497,Fort Irwin,1,8818,2026-01-01,2026-01-14,2026-01-21
498,Fort Knox,1,5593,2026-01-10,2026-01-30,2026-02-05
499,Fort Leonard Wood,1,6468,2026-01-11,2026-01-29,2026-02-03
500,Camp Shelby,1,7773,2025-12-22,2026-01-01,2026-01-07
501,Fort Hood,2,1061,2026-01-01,2026-01-16,2026-01-23
502,Fort Lewis,2,2373,2025-12-28,2026-01-10,2026-01-13
503,Camp Atterbury,2,1553,2025-12-31,2026-01-10,2026-01-20
504,Fort Bliss,2,2076,2026-01-08,2026-01-20,2026-01-29
505,Camp Pendleton,2,1605,2025-12-28,2026-01-09,2026-01-19
506,Fort Stewart,2,678,2025-12-29,2026-01-18,2026-01-20
507,Fort Bragg,2,2337,2025-12-26,2026-01-10,2026-01-14
508,Fort McCoy,2,1159,2025-12-24,2026-01-08,2026-01-18
509,Fort Carson,2,2165,2026-01-01,2026-01-18,2026-01-22
510,Camp Lejune,2,517,2025-12-23,2026-01-10,2026-01-20
511,Fort Campbell,2,264,2026-01-07,2026-01-22,2026-01-27
512,Fort Riley,2,1209,2026-01-04,2026-01-20,2026-01-26
513,Fort Drum,2,753,2026-01-11,2026-01-26,2026-01-29
514,Fort Dix,2,1072,2025-12-27,2026-01-14,2026-01-18
515,Fort Polk,2,864,2025-12-23,2026-01-09,2026-01-19
516,Fort Still,2,1442,2025-12-22,2026-01-10,2026-01-16
517,Fort Irwin,2,439,2026-01-10,2026-01-22,2026-01-27
518,Fort Knox,2,1825,2025-12-28,2026-01-13,2026-01-16
519,Fort Leonard Wood,2,2054,2025-12-28,2026-01-12,2026-01-21
520,Camp Shelby,2,1833,2026-01-05,2026-01-20,2026-01-29
521,Fort Hood,1,7396,2025-12-26,2026-01-08,2026-01-18
522,Fort Lewis,1,6734,2025-12-28,2026-01-13,2026-01-20
523,Camp Atterbury,1,6857,2026-01-08,2026-01-25,2026-01-28
524,Fort Bliss,1,5947,2026-01-10,2026-01-22,2026-01-27
525,Camp Pendleton,1,8937,2026-01-02,2026-01-21,2026-01-27
526,Fort Stewart,1,7403,2026-01-02,2026-01-21,2026-01-29
527,Fort Bragg,1,8595,2025-12-30,2026-01-12,2026-01-20
528,Fort McCoy,1,7845,2026-01-02,2026-01-18,2026-01-24
529,Fort Carson,1,8404,2025-12-31,2026-01-13,2026-01-20
530,Camp Lejune,1,5482,2026-01-01,2026-01-15,2026-01-21
531,Fort Campbell,1,6667,2025-12-25,2026-01-14,2026-01-22
532,Fort Riley,1,5703,2025-12-30,2026-01-16,2026-01-24
533,Fort Drum,1,6552,2026-01-03,2026-01-21,2026-01-26
534,Fort Dix,1,6389,2025-12-28,2026-01-16,2026-01-24
535,Fort Polk,1,5591,2025-12-31,2026-01-15,2026-01-22
536,Fort Still,1,10071,2026-01-02,2026-01-16,2026-01-21
537,Fort Irwin,1,8201,2025-12-27,2026-01-08,2026-01-16
538,Fort Knox,1,6062,2026-01-06,2026-01-20,2026-01-26
539,Fort Leonard Wood,1,6751,2025-12-22,2026-01-10,2026-01-13
540,Camp Shelby,1,7721,2026-01-08,2026-01-25,2026-01-29
541,Fort Hood,2,625,2026-01-05,2026-01-24,2026-01-29
542,Fort Lewis,2,2355,2025-12-29,2026-01-08,2026-01-17
543,Camp Atterbury,2,692,2025-12-25,2026-01-12,2026-01-16
544,Fort Bliss,2,916,2026-01-01,2026-01-20,2026-01-26
545,Camp Pendleton,2,1378,2025-12-29,2026-01-13,2026-01-16
546,Fort Stewart,2,714,2026-01-11,2026-01-21,2026-01-28
547,Fort Bragg,2,1298,2026-01-11,2026-01-24,2026-01-28
548,Fort McCoy,2,749,2025-12-31,2026-01-10,2026-01-20
549,Fort Carson,2,1160,2026-01-11,2026-01-31,2026-02-05
550,Camp Lejune,2,308,2026-01-10,2026-01-22,2026-01-31
551,Fort Campbell,2,1934,2026-01-01,2026-01-18,2026-01-20
552,Fort Riley,2,421,2026-01-10,2026-01-29,2026-02-05
553,Fort Drum,2,1161,2026-01-09,2026-01-19,2026-01-26
554,Fort Dix,2,1422,2026-01-08,2026-01-24,2026-02-03
555,Fort Polk,2,544,2026-01-08,2026-01-23,2026-01-28
556,Fort Still,2,1502,2025-12-25,2026-01-08,2026-01-13
557,Fort Irwin,2,1368,2025-12-26,2026-01-06,2026-01-08
558,Fort Knox,2,878,2025-12-28,2026-01-16,2026-01-18
559,Fort Leonard Wood,2,1761,2025-12-31,2026-01-10,2026-01-16
560,Camp Shelby,2,530,2026-01-01,2026-01-19,2026-01-27
561,Fort Hood,1,7816,2025-12-24,2026-01-07,2026-01-10
562,Fort Lewis,1,6394,2025-12-22,2026-01-04,2026-01-11
563,Camp Atterbury,1,6040,2026-01-11,2026-01-29,2026-02-06
564,Fort Bliss,1,7395,2025-12-26,2026-01-13,2026-01-18
565,Camp Pendleton,1,9431,2026-01-11,2026-01-29,2026-02-08
566,Fort Stewart,1,6176,2026-01-11,2026-01-28,2026-01-30
567,Fort Bragg,1,7105,2025-12-30,2026-01-17,2026-01-25
568,Fort McCoy,1,6730,2025-12-22,2026-01-11,2026-01-17
569,Fort Carson,1,8565,2025-12-25,2026-01-13,2026-01-23
570,Camp Lejune,1,5362,2026-01-11,2026-01-27,2026-02-03
571,Fort Campbell,1,6289,2026-01-07,2026-01-22,2026-01-24
572,Fort Riley,1,6743,2026-01-05,2026-01-19,2026-01-29
573,Fort Drum,1,5636,2026-01-08,2026-01-19,2026-01-22
574,Fort Dix,1,7231,2026-01-03,2026-01-21,2026-01-24
575,Fort Polk,1,7051,2025-12-30,2026-01-16,2026-01-22
576,Fort Still,1,9293,2025-12-24,2026-01-08,2026-01-10
577,Fort Irwin,1,8696,2026-01-09,2026-01-23,2026-02-02
578,Fort Knox,1,6327,2025-12-29,2026-01-08,2026-01-16
579,Fort Leonard Wood,1,5318,2025-12-27,2026-01-11,2026-01-13
580,Camp Shelby,1,6934,2025-12-28,2026-01-13,2026-01-22
581,Fort Hood,2,1009,2025-12-26,2026-01-06,2026-01-12
582,Fort Lewis,2,1500,2026-01-02,2026-01-20,2026-01-22
583,Camp Atterbury,2,1826,2026-01-02,2026-01-22,2026-01-28
584,Fort Bliss,2,1361,2025-12-28,2026-01-12,2026-01-16
585,Camp Pendleton,2,1123,2025-12-24,2026-01-12,2026-01-15
586,Fort Stewart,2,1973,2025-12-22,2026-01-10,2026-01-18
587,Fort Bragg,2,1934,2025-12-30,2026-01-13,2026-01-21
588,Fort McCoy,2,2130,2026-01-11,2026-01-25,2026-02-01
589,Fort Carson,2,1009,2025-12-29,2026-01-12,2026-01-21
590,Camp Lejune,2,585,2025-12-31,2026-01-14,2026-01-20
591,Fort Campbell,2,1306,2025-12-30,2026-01-17,2026-01-21
592,Fort Riley,2,878,2025-12-30,2026-01-13,2026-01-17
593,Fort Drum,2,1092,2025-12-24,2026-01-12,2026-01-20
594,Fort Dix,2,954,2025-12-22,2026-01-04,2026-01-11
595,Fort Polk,2,1542,2026-01-02,2026-01-16,2026-01-25
596,Fort Still,2,1381,2026-01-07,2026-01-27,2026-02-01
597,Fort Irwin,2,808,2025-12-29,2026-01-13,2026-01-19
598,Fort Knox,2,906,2025-12-26,2026-01-10,2026-01-17
599,Fort Leonard Wood,2,941,2025-12-29,2026-01-11,2026-01-21
600,Camp Shelby,2,2013,2025-12-24,2026-01-09,2026-01-14
601,Fort Hood,1,7920,2026-01-09,2026-01-24,2026-01-28
602,Fort Lewis,1,6820,2025-12-24,2026-01-09,2026-01-13
603,Camp Atterbury,1,5473,2026-01-09,2026-01-20,2026-01-23
604,Fort Bliss,1,6620,2026-01-01,2026-01-13,2026-01-18
605,Camp Pendleton,1,9811,2025-12-29,2026-01-17,2026-01-27
606,Fort Stewart,1,6992,2025-12-23,2026-01-12,2026-01-21
607,Fort Bragg,1,7105,2026-01-01,2026-01-20,2026-01-26
608,Fort McCoy,1,8406,2026-01-08,2026-01-19,2026-01-29
609,Fort Carson,1,8974,2026-01-06,2026-01-22,2026-01-24
610,Camp Lejune,1,6112,2026-01-06,2026-01-19,2026-01-26
611,Fort Campbell,1,5777,2026-01-09,2026-01-19,2026-01-28
612,Fort Riley,1,6165,2025-12-24,2026-01-05,2026-01-08
613,Fort Drum,1,6613,2025-12-26,2026-01-15,2026-01-21
614,Fort Dix,1,6970,2026-01-10,2026-01-23,2026-01-28
615,Fort Polk,1,5342,2025-12-27,2026-01-06,2026-01-12
616,Fort Still,1,8668,2025-12-29,2026-01-09,2026-01-18
617,Fort Irwin,1,9039,2026-01-07,2026-01-17,2026-01-23
618,Fort Knox,1,6452,2025-12-28,2026-01-17,2026-01-25
619,Fort Leonard Wood,1,5470,2025-12-31,2026-01-16,2026-01-18
620,Camp Shelby,1,7496,2026-01-11,2026-01-21,2026-01-31
621,Fort Hood,2,2040,2026-01-09,2026-01-24,2026-02-01
622,Fort Lewis,2,611,2025-12-28,2026-01-10,2026-01-18
623,Camp Atterbury,2,1186,2025-12-22,2026-01-08,2026-01-12
624,Fort Bliss,2,450,2026-01-10,2026-01-28,2026-02-05
625,Camp Pendleton,2,1984,2025-12-31,2026-01-17,2026-01-27
626,Fort Stewart,2,459,2026-01-02,2026-01-21,2026-01-25
627,Fort Bragg,2,674,2025-12-29,2026-01-17,2026-01-22
628,Fort McCoy,2,568,2026-01-10,2026-01-28,2026-01-31
629,Fort Carson,2,503,2025-12-30,2026-01-17,2026-01-19
630,Camp Lejune,2,293,2025-12-23,2026-01-03,2026-01-08
631,Fort Campbell,2,1685,2026-01-06,2026-01-21,2026-01-30
632,Fort Riley,2,2250,2025-12-22,2026-01-03,2026-01-11
633,Fort Drum,2,1992,2026-01-01,2026-01-14,2026-01-19
634,Fort Dix,2,542,2025-12-28,2026-01-14,2026-01-21
635,Fort Polk,2,876,2025-12-31,2026-01-19,2026-01-23
636,Fort Still,2,2360,2026-01-06,2026-01-19,2026-01-27
637,Fort Irwin,2,965,2025-12-22,2026-01-07,2026-01-09
638,Fort Knox,2,1649,2025-12-31,2026-01-18,2026-01-23
639,Fort Leonard Wood,2,796,2025-12-22,2026-01-09,2026-01-13
640,Camp Shelby,2,1963,2025-12-24,2026-01-05,2026-01-09
641,Fort Hood,1,7844,2026-01-03,2026-01-14,2026-01-17
642,Fort Lewis,1,6654,2025-12-27,2026-01-06,2026-01-10
643,Camp Atterbury,1,5697,2026-01-07,2026-01-21,2026-01-28
644,Fort Bliss,1,7020,2026-01-07,2026-01-20,2026-01-22
645,Camp Pendleton,1,8756,2025-12-22,2026-01-05,2026-01-15
646,Fort Stewart,1,6271,2025-12-26,2026-01-05,2026-01-07
647,Fort Bragg,1,7529,2026-01-05,2026-01-23,2026-01-28
648,Fort McCoy,1,7614,2025-12-24,2026-01-10,2026-01-19
649,Fort Carson,1,8955,2025-12-30,2026-01-14,2026-01-23
650,Camp Lejune,1,7053,2025-12-31,2026-01-10,2026-01-13
651,Fort Campbell,1,5835,2026-01-07,2026-01-22,2026-01-29
652,Fort Riley,1,6477,2026-01-07,2026-01-22,2026-01-28
653,Fort Drum,1,5770,2025-12-29,2026-01-11,2026-01-21
654,Fort Dix,1,6925,2025-12-28,2026-01-09,2026-01-19
655,Fort Polk,1,5704,2025-12-31,2026-01-19,2026-01-27
656,Fort Still,1,9654,2025-12-23,2026-01-06,2026-01-16
657,Fort Irwin,1,8937,2025-12-29,2026-01-12,2026-01-21
658,Fort Knox,1,6733,2026-01-10,2026-01-26,2026-02-02
659,Fort Leonard Wood,1,5134,2025-12-31,2026-01-10,2026-01-16
660,Camp Shelby,1,8178,2026-01-08,2026-01-27,2026-01-29
661,Fort Hood,2,1834,2026-01-01,2026-01-19,2026-01-22
662,Fort Lewis,2,722,2025-12-22,2026-01-08,2026-01-12
663,Camp Atterbury,2,989,2026-01-06,2026-01-16,2026-01-22
664,Fort Bliss,2,1063,2025-12-22,2026-01-10,2026-01-13
665,Camp Pendleton,2,1665,2025-12-23,2026-01-05,2026-01-11
666,Fort Stewart,2,1374,2025-12-31,2026-01-12,2026-01-15
667,Fort Bragg,2,1684,2026-01-04,2026-01-19,2026-01-23
668,Fort McCoy,2,688,2026-01-04,2026-01-19,2026-01-24
669,Fort Carson,2,1316,2025-12-27,2026-01-14,2026-01-23
670,Camp Lejune,2,2026,2025-12-23,2026-01-04,2026-01-14
671,Fort Campbell,2,1157,2026-01-02,2026-01-14,2026-01-19
672,Fort Riley,2,597,2026-01-05,2026-01-21,2026-01-31
673,Fort Drum,2,368,2025-12-26,2026-01-13,2026-01-17
674,Fort Dix,2,1222,2026-01-05,2026-01-21,2026-01-29
675,Fort Polk,2,1027,2025-12-24,2026-01-07,2026-01-12
676,Fort Still,2,610,2026-01-09,2026-01-19,2026-01-23
677,Fort Irwin,2,907,2026-01-08,2026-01-19,2026-01-23
678,Fort Knox,2,2072,2025-12-24,2026-01-11,2026-01-15
679,Fort Leonard Wood,2,1150,2025-12-25,2026-01-07,2026-01-14
680,Camp Shelby,2,696,2025-12-24,2026-01-10,2026-01-15
681,Fort Hood,1,7994,2026-01-02,2026-01-12,2026-01-16
682,Fort Lewis,1,6307,2025-12-30,2026-01-18,2026-01-23
683,Camp Atterbury,1,5982,2026-01-05,2026-01-19,2026-01-21
684,Fort Bliss,1,6668,2026-01-03,2026-01-21,2026-01-29
685,Camp Pendleton,1,9812,2025-12-24,2026-01-09,2026-01-16
686,Fort Stewart,1,5735,2026-01-09,2026-01-21,2026-01-30
687,Fort Bragg,1,7496,2026-01-05,2026-01-22,2026-01-30
688,Fort McCoy,1,8657,2026-01-06,2026-01-25,2026-02-02
689,Fort Carson,1,8007,2025-12-24,2026-01-08,2026-01-14
690,Camp Lejune,1,6827,2025-12-28,2026-01-14,2026-01-16
691,Fort Campbell,1,7462,2025-12-28,2026-01-11,2026-01-21
692,Fort Riley,1,6971,2026-01-06,2026-01-17,2026-01-22
693,Fort Drum,1,7209,2025-12-23,2026-01-07,2026-01-13
694,Fort Dix,1,6119,2025-12-26,2026-01-09,2026-01-11
695,Fort Polk,1,6886,2026-01-06,2026-01-24,2026-01-27
696,Fort Still,1,9347,2026-01-06,2026-01-19,2026-01-28
697,Fort Irwin,1,8534,2026-01-09,2026-01-22,2026-01-26
698,Fort Knox,1,7004,2025-12-29,2026-01-17,2026-01-27
699,Fort Leonard Wood,1,5937,2026-01-11,2026-01-26,2026-01-30
700,Camp Shelby,1,7033,2026-01-01,2026-01-18,2026-01-24
701,Fort Hood,2,1832,2025-12-30,2026-01-09,2026-01-11
702,Fort Lewis,2,670,2026-01-11,2026-01-26,2026-02-05
703,Camp Atterbury,2,707,2025-12-29,2026-01-13,2026-01-22
704,Fort Bliss,2,1724,2026-01-07,2026-01-19,2026-01-28
705,Camp Pendleton,2,721,2025-12-23,2026-01-03,2026-01-09
706,Fort Stewart,2,829,2026-01-04,2026-01-21,2026-01-30
707,Fort Bragg,2,1802,2026-01-06,2026-01-26,2026-01-28
708,Fort McCoy,2,2056,2025-12-22,2026-01-08,2026-01-12
709,Fort Carson,2,2336,2026-01-09,2026-01-26,2026-02-02
710,Camp Lejune,2,539,2026-01-03,2026-01-19,2026-01-28
711,Fort Campbell,2,667,2025-12-30,2026-01-14,2026-01-20
712,Fort Riley,2,2363,2026-01-04,2026-01-19,2026-01-21
713,Fort Drum,2,2110,2025-12-30,2026-01-10,2026-01-18
714,Fort Dix,2,1241,2026-01-07,2026-01-23,2026-02-01
715,Fort Polk,2,1435,2025-12-24,2026-01-05,2026-01-12
716,Fort Still,2,2408,2026-01-02,2026-01-13,2026-01-17
717,Fort Irwin,2,1001,2025-12-27,2026-01-08,2026-01-10
718,Fort Knox,2,1852,2026-01-09,2026-01-26,2026-01-31
719,Fort Leonard Wood,2,1158,2025-12-27,2026-01-14,2026-01-22
720,Camp Shelby,2,2274,2025-12-26,2026-01-11,2026-01-17
721,Fort Hood,1,7499,2025-12-23,2026-01-05,2026-01-11
722,Fort Lewis,1,7879,2026-01-08,2026-01-28,2026-02-07
723,Camp Atterbury,1,5565,2026-01-08,2026-01-18,2026-01-25
724,Fort Bliss,1,6734,2026-01-02,2026-01-12,2026-01-21
725,Camp Pendleton,1,10161,2025-12-22,2026-01-04,2026-01-07
726,Fort Stewart,1,6296,2025-12-24,2026-01-07,2026-01-17
727,Fort Bragg,1,7256,2025-12-31,2026-01-14,2026-01-21
728,Fort McCoy,1,8350,2026-01-07,2026-01-20,2026-01-27
729,Fort Carson,1,8695,2026-01-06,2026-01-20,2026-01-24
730,Camp Lejune,1,6568,2025-12-25,2026-01-08,2026-01-16
731,Fort Campbell,1,6851,2025-12-22,2026-01-07,2026-01-14
732,Fort Riley,1,6493,2026-01-01,2026-01-19,2026-01-24
733,Fort Drum,1,7109,2026-01-05,2026-01-23,2026-01-26
734,Fort Dix,1,7625,2025-12-27,2026-01-14,2026-01-22
735,Fort Polk,1,5560,2025-12-31,2026-01-19,2026-01-23
736,Fort Still,1,9717,2025-12-30,2026-01-13,2026-01-19
737,Fort Irwin,1,8492,2025-12-29,2026-01-18,2026-01-22
738,Fort Knox,1,5405,2025-12-28,2026-01-08,2026-01-12
739,Fort Leonard Wood,1,6011,2026-01-06,2026-01-18,2026-01-24
740,Camp Shelby,1,8775,2025-12-29,2026-01-11,2026-01-20
741,Fort Hood,2,1649,2025-12-28,2026-01-17,2026-01-20
742,Fort Lewis,2,1567,2026-01-08,2026-01-24,2026-02-03
743,Camp Atterbury,2,1349,2026-01-02,2026-01-18,2026-01-23
744,Fort Bliss,2,1193,2025-12-24,2026-01-05,2026-01-10
745,Camp Pendleton,2,1736,2026-01-04,2026-01-19,2026-01-29
746,Fort Stewart,2,704,2025-12-28,2026-01-14,2026-01-22
747,Fort Bragg,2,2224,2026-01-04,2026-01-19,2026-01-24
748,Fort McCoy,2,1764,2026-01-03,2026-01-17,2026-01-21
749,Fort Carson,2,805,2025-12-30,2026-01-12,2026-01-22
750,Camp Lejune,2,1851,2026-01-02,2026-01-21,2026-01-26
751,Fort Campbell,2,1371,2026-01-07,2026-01-23,2026-01-29
752,Fort Riley,2,1938,2026-01-03,2026-01-22,2026-01-24
753,Fort Drum,2,1299,2026-01-08,2026-01-25,2026-01-31
754,Fort Dix,2,1256,2026-01-02,2026-01-20,2026-01-23
755,Fort Polk,2,1889,2026-01-04,2026-01-17,2026-01-20
756,Fort Still,2,784,2026-01-10,2026-01-24,2026-02-02
757,Fort Irwin,2,1548,2025-12-29,2026-01-13,2026-01-15
758,Fort Knox,2,1700,2025-12-30,2026-01-09,2026-01-14
759,Fort Leonard Wood,2,386,2026-01-02,2026-01-22,2026-02-01
760,Camp Shelby,2,966,2026-01-07,2026-01-25,2026-02-02
761,Fort Hood,1,6340,2026-01-07,2026-01-20,2026-01-30
762,Fort Lewis,1,6533,2026-01-06,2026-01-17,2026-01-19
763,Camp Atterbury,1,6913,2026-01-10,2026-01-20,2026-01-24
764,Fort Bliss,1,6759,2026-01-01,2026-01-17,2026-01-24
765,Camp Pendleton,1,8460,2025-12-30,2026-01-14,2026-01-17
766,Fort Stewart,1,6263,2026-01-11,2026-01-26,2026-02-02
767,Fort Bragg,1,6764,2025-12-25,2026-01-11,2026-01-16
768,Fort McCoy,1,7362,2025-12-22,2026-01-06,2026-01-13
769,Fort Carson,1,8862,2025-12-30,2026-01-19,2026-01-25
770,Camp Lejune,1,6402,2026-01-01,2026-01-20,2026-01-28
771,Fort Campbell,1,7232,2025-12-31,2026-01-17,2026-01-21
772,Fort Riley,1,5888,2026-01-08,2026-01-27,2026-01-31
773,Fort Drum,1,6175,2026-01-01,2026-01-21,2026-01-31
774,Fort Dix,1,6528,2026-01-02,2026-01-12,2026-01-21
775,Fort Polk,1,5851,2025-12-26,2026-01-10,2026-01-18
776,Fort Still,1,9534,2026-01-10,2026-01-27,2026-01-31
777,Fort Irwin,1,9149,2026-01-03,2026-01-23,2026-01-26
778,Fort Knox,1,5626,2025-12-30,2026-01-16,2026-01-19
779,Fort Leonard Wood,1,5044,2026-01-05,2026-01-18,2026-01-28
780,Camp Shelby,1,8028,2026-01-03,2026-01-17,2026-01-19
781,Fort Hood,2,418,2025-12-29,2026-01-14,2026-01-21
782,Fort Lewis,2,1242,2026-01-03,2026-01-20,2026-01-24
783,Camp Atterbury,2,1987,2026-01-09,2026-01-24,2026-01-30
784,Fort Bliss,2,2286,2025-12-26,2026-01-07,2026-01-16
785,Camp Pendleton,2,677,2025-12-24,2026-01-05,2026-01-14
786,Fort Stewart,2,1201,2026-01-03,2026-01-14,2026-01-21
787,Fort Bragg,2,1657,2026-01-08,2026-01-23,2026-01-28
788,Fort McCoy,2,1299,2026-01-08,2026-01-24,2026-02-02
789,Fort Carson,2,2338,2026-01-05,2026-01-25,2026-01-30
790,Camp Lejune,2,893,2025-12-31,2026-01-14,2026-01-23
791,Fort Campbell,2,557,2025-12-26,2026-01-05,2026-01-11
792,Fort Riley,2,1065,2025-12-22,2026-01-11,2026-01-18
793,Fort Drum,2,1922,2025-12-30,2026-01-12,2026-01-16
794,Fort Dix,2,503,2025-12-23,2026-01-10,2026-01-19
795,Fort Polk,2,994,2025-12-23,2026-01-06,2026-01-10
796,Fort Still,2,748,2025-12-22,2026-01-05,2026-01-15
797,Fort Irwin,2,1560,2025-12-23,2026-01-08,2026-01-14
798,Fort Knox,2,2189,2025-12-23,2026-01-03,2026-01-08
799,Fort Leonard Wood,2,1630,2025-12-27,2026-01-11,2026-01-13
800,Camp Shelby,2,1385,2026-01-01,2026-01-12,2026-01-16
801,Fort Hood,1,7957,2026-01-01,2026-01-15,2026-01-19
802,Fort Lewis,1,7650,2025-12-23,2026-01-04,2026-01-08
803,Camp Atterbury,1,5903,2026-01-11,2026-01-21,2026-01-31
804,Fort Bliss,1,7268,2025-12-29,2026-01-15,2026-01-21
805,Camp Pendleton,1,8505,2025-12-30,2026-01-18,2026-01-20
806,Fort Stewart,1,6320,2025-12-22,2026-01-02,2026-01-07
807,Fort Bragg,1,6775,2025-12-26,2026-01-05,2026-01-14
808,Fort McCoy,1,8070,2025-12-31,2026-01-12,2026-01-19
809,Fort Carson,1,7320,2025-12-27,2026-01-12,2026-01-19
810,Camp Lejune,1,6869,2026-01-09,2026-01-21,2026-01-27
811,Fort Campbell,1,7049,2026-01-03,2026-01-13,2026-01-16
812,Fort Riley,1,6922,2025-12-23,2026-01-11,2026-01-18
813,Fort Drum,1,5938,2025-12-23,2026-01-12,2026-01-20
814,Fort Dix,1,7659,2025-12-27,2026-01-15,2026-01-20
815,Fort Polk,1,5914,2026-01-08,2026-01-24,2026-02-02
816,Fort Still,1,8816,2025-12-27,2026-01-09,2026-01-18
817,Fort Irwin,1,8478,2026-01-03,2026-01-13,2026-01-19
818,Fort Knox,1,6366,2026-01-08,2026-01-20,2026-01-29
819,Fort Leonard Wood,1,6801,2026-01-11,2026-01-28,2026-02-04
820,Camp Shelby,1,7524,2026-01-11,2026-01-23,2026-02-01
821,Fort Hood,2,637,2026-01-08,2026-01-23,2026-01-27
822,Fort Lewis,2,1722,2026-01-02,2026-01-20,2026-01-28
823,Camp Atterbury,2,541,2025-12-30,2026-01-17,2026-01-21
824,Fort Bliss,2,1895,2025-12-22,2026-01-08,2026-01-17
825,Camp Pendleton,2,355,2025-12-29,2026-01-13,2026-01-17
826,Fort Stewart,2,906,2025-12-23,2026-01-05,2026-01-14
827,Fort Bragg,2,919,2025-12-26,2026-01-05,2026-01-13
828,Fort McCoy,2,2426,2025-12-31,2026-01-15,2026-01-20
829,Fort Carson,2,955,2025-12-27,2026-01-12,2026-01-18
830,Camp Lejune,2,439,2026-01-02,2026-01-22,2026-01-25
831,Fort Campbell,2,1051,2026-01-05,2026-01-15,2026-01-17
832,Fort Riley,2,1065,2026-01-07,2026-01-25,2026-02-03
833,Fort Drum,2,956,2025-12-22,2026-01-08,2026-01-10
834,Fort Dix,2,1314,2025-12-27,2026-01-07,2026-01-16
835,Fort Polk,2,1895,2026-01-10,2026-01-26,2026-02-05
836,Fort Still,2,1845,2025-12-26,2026-01-13,2026-01-23
837,Fort Irwin,2,1403,2026-01-07,2026-01-22,2026-01-29
838,Fort Knox,2,2188,2026-01-03,2026-01-18,2026-01-20
839,Fort Leonard Wood,2,1903,2026-01-03,2026-01-14,2026-01-21
840,Camp Shelby,2,717,2026-01-06,2026-01-21,2026-01-23
841,Fort Hood,1,6560,2026-01-01,2026-01-20,2026-01-29
842,Fort Lewis,1,6615,2025-12-22,2026-01-09,2026-01-14
843,Camp Atterbury,1,6925,2026-01-03,2026-01-14,2026-01-16
844,Fort Bliss,1,7076,2025-12-26,2026-01-11,2026-01-17
845,Camp Pendleton,1,9787,2026-01-06,2026-01-23,2026-01-29
846,Fort Stewart,1,7499,2025-12-24,2026-01-12,2026-01-18
847,Fort Bragg,1,8605,2026-01-05,2026-01-24,2026-02-01
848,Fort McCoy,1,8512,2025-12-28,2026-01-12,2026-01-19
849,Fort Carson,1,7988,2025-12-22,2026-01-02,2026-01-09
850,Camp Lejune,1,5609,2026-01-01,2026-01-21,2026-01-26
851,Fort Campbell,1,6380,2026-01-07,2026-01-25,2026-01-31
852,Fort Riley,1,5564,2026-01-04,2026-01-20,2026-01-24
853,Fort Drum,1,7325,2025-12-24,2026-01-04,2026-01-12
854,Fort Dix,1,7477,2026-01-09,2026-01-20,2026-01-25
855,Fort Polk,1,5846,2025-12-30,2026-01-12,2026-01-17
856,Fort Still,1,8295,2025-12-28,2026-01-13,2026-01-19
857,Fort Irwin,1,9260,2026-01-09,2026-01-25,2026-01-30
858,Fort Knox,1,5987,2026-01-08,2026-01-20,2026-01-26
859,Fort Leonard Wood,1,6535,2026-01-10,2026-01-30,2026-02-09
860,Camp Shelby,1,8719,2026-01-04,2026-01-16,2026-01-20
861,Fort Hood,2,1011,2025-12-25,2026-01-09,2026-01-16
862,Fort Lewis,2,1542,2025-12-30,2026-01-12,2026-01-22
863,Camp Atterbury,2,1103,2026-01-06,2026-01-19,2026-01-29
864,Fort Bliss,2,675,2026-01-06,2026-01-23,2026-01-27
865,Camp Pendleton,2,1066,2025-12-29,2026-01-15,2026-01-23
866,Fort Stewart,2,1793,2025-12-31,2026-01-14,2026-01-17
867,Fort Bragg,2,2054,2026-01-10,2026-01-26,2026-02-03
868,Fort McCoy,2,2415,2025-12-27,2026-01-08,2026-01-14
869,Fort Carson,2,2016,2025-12-27,2026-01-12,2026-01-16
870,Camp Lejune,2,2009,2025-12-28,2026-01-07,2026-01-12
871,Fort Campbell,2,1016,2026-01-01,2026-01-20,2026-01-29
872,Fort Riley,2,1415,2026-01-11,2026-01-24,2026-01-29
873,Fort Drum,2,1573,2026-01-05,2026-01-18,2026-01-26
874,Fort Dix,2,1385,2026-01-10,2026-01-21,2026-01-29
875,Fort Polk,2,1750,2025-12-25,2026-01-08,2026-01-17
876,Fort Still,2,1434,2025-12-29,2026-01-08,2026-01-10
877,Fort Irwin,2,1442,2026-01-08,2026-01-18,2026-01-23
878,Fort Knox,2,2393,2026-01-05,2026-01-17,2026-01-27
879,Fort Leonard Wood,2,543,2025-12-25,2026-01-07,2026-01-16
880,Camp Shelby,2,1924,2025-12-29,2026-01-12,2026-01-22
881,Fort Hood,1,7511,2025-12-26,2026-01-15,2026-01-18
882,Fort Lewis,1,6655,2025-12-30,2026-01-18,2026-01-24
883,Camp Atterbury,1,6629,2026-01-05,2026-01-19,2026-01-26
884,Fort Bliss,1,5564,2025-12-31,2026-01-14,2026-01-17
885,Camp Pendleton,1,9137,2025-12-26,2026-01-15,2026-01-17
886,Fort Stewart,1,6568,2025-12-28,2026-01-15,2026-01-19
887,Fort Bragg,1,8042,2025-12-30,2026-01-10,2026-01-15
888,Fort McCoy,1,7771,2025-12-27,2026-01-07,2026-01-17
889,Fort Carson,1,8293,2026-01-10,2026-01-23,2026-01-26
890,Camp Lejune,1,5765,2025-12-30,2026-01-10,2026-01-17
891,Fort Campbell,1,6876,2025-12-31,2026-01-10,2026-01-13
892,Fort Riley,1,6835,2025-12-23,2026-01-02,2026-01-05
893,Fort Drum,1,7402,2026-01-05,2026-01-21,2026-01-30
894,Fort Dix,1,7378,2025-12-22,2026-01-01,2026-01-04
895,Fort Polk,1,6497,2025-12-25,2026-01-09,2026-01-11
896,Fort Still,1,9130,2025-12-28,2026-01-08,2026-01-17
897,Fort Irwin,1,8020,2025-12-31,2026-01-13,2026-01-22
898,Fort Knox,1,5589,2026-01-11,2026-01-23,2026-01-31
899,Fort Leonard Wood,1,6259,2026-01-09,2026-01-29,2026-02-08
900,Camp Shelby,1,7681,2026-01-11,2026-01-25,2026-01-29
901,Fort Hood,2,2022,2025-12-22,2026-01-04,2026-01-07
902,Fort Lewis,2,2228,2025-12-23,2026-01-03,2026-01-10
903,Camp Atterbury,2,849,2025-12-22,2026-01-08,2026-01-12
904,Fort Bliss,2,1079,2025-12-26,2026-01-15,2026-01-21
905,Camp Pendleton,2,1799,2026-01-11,2026-01-26,2026-01-30
906,Fort Stewart,2,1618,2026-01-10,2026-01-27,2026-02-05
907,Fort Bragg,2,1384,2025-12-25,2026-01-10,2026-01-13
908,Fort McCoy,2,474,2025-12-24,2026-01-05,2026-01-12
909,Fort Carson,2,1577,2025-12-29,2026-01-17,2026-01-22
910,Camp Lejune,2,421,2025-12-22,2026-01-01,2026-01-10
911,Fort Campbell,2,260,2025-12-24,2026-01-03,2026-01-06
912,Fort Riley,2,670,2026-01-07,2026-01-27,2026-02-06
913,Fort Drum,2,1178,2025-12-30,2026-01-14,2026-01-16
914,Fort Dix,2,1923,2025-12-24,2026-01-09,2026-01-16
915,Fort Polk,2,2279,2025-12-29,2026-01-13,2026-01-17
916,Fort Still,2,1162,2026-01-08,2026-01-26,2026-01-31
917,Fort Irwin,2,286,2025-12-26,2026-01-07,2026-01-16
918,Fort Knox,2,2373,2025-12-23,2026-01-11,2026-01-20
919,Fort Leonard Wood,2,418,2026-01-07,2026-01-24,2026-01-31
920,Camp Shelby,2,1126,2025-12-22,2026-01-11,2026-01-14
921,Fort Hood,1,6748,2025-12-30,2026-01-16,2026-01-26
922,Fort Lewis,1,6612,2026-01-06,2026-01-23,2026-02-02
923,Camp Atterbury,1,5766,2026-01-04,2026-01-20,2026-01-30
924,Fort Bliss,1,7149,2026-01-04,2026-01-16,2026-01-19
925,Camp Pendleton,1,8543,2026-01-09,2026-01-23,2026-01-26
926,Fort Stewart,1,6476,2025-12-24,2026-01-03,2026-01-13
927,Fort Bragg,1,6842,2026-01-07,2026-01-22,2026-01-25
928,Fort McCoy,1,7250,2025-12-27,2026-01-07,2026-01-15
929,Fort Carson,1,7259,2026-01-04,2026-01-24,2026-01-29
930,Camp Lejune,1,5828,2025-12-27,2026-01-13,2026-01-15
931,Fort Campbell,1,5638,2026-01-02,2026-01-19,2026-01-21
932,Fort Riley,1,5307,2025-12-31,2026-01-10,2026-01-18
933,Fort Drum,1,7283,2025-12-26,2026-01-05,2026-01-12
934,Fort Dix,1,6355,2026-01-11,2026-01-29,2026-02-06
935,Fort Polk,1,7054,2025-12-31,2026-01-11,2026-01-16
936,Fort Still,1,8398,2025-12-22,2026-01-04,2026-01-14
937,Fort Irwin,1,8463,2025-12-24,2026-01-08,2026-01-10
938,Fort Knox,1,6848,2025-12-26,2026-01-11,2026-01-13
939,Fort Leonard Wood,1,6971,2025-12-26,2026-01-07,2026-01-15
940,Camp Shelby,1,7574,2026-01-11,2026-01-24,2026-01-28
941,Fort Hood,2,1485,2025-12-23,2026-01-03,2026-01-13
942,Fort Lewis,2,1780,2025-12-28,2026-01-11,2026-01-20
943,Camp Atterbury,2,1735,2025-12-29,2026-01-13,2026-01-21
944,Fort Bliss,2,601,2026-01-08,2026-01-28,2026-02-06
945,Camp Pendleton,2,547,2026-01-11,2026-01-21,2026-01-28
946,Fort Stewart,2,1376,2025-12-24,2026-01-08,2026-01-14
947,Fort Bragg,2,1930,2025-12-27,2026-01-13,2026-01-22
948,Fort McCoy,2,696,2025-12-27,2026-01-16,2026-01-18
949,Fort Carson,2,947,2025-12-24,2026-01-08,2026-01-16
950,Camp Lejune,2,217,2026-01-11,2026-01-29,2026-02-04
951,Fort Campbell,2,1947,2025-12-26,2026-01-09,2026-01-12
952,Fort Riley,2,415,2026-01-05,2026-01-25,2026-02-04
953,Fort Drum,2,1886,2026-01-07,2026-01-17,2026-01-24
954,Fort Dix,2,1652,2026-01-05,2026-01-19,2026-01-28
955,Fort Polk,2,778,2026-01-11,2026-01-26,2026-02-01
956,Fort Still,2,2285,2025-12-31,2026-01-16,2026-01-23
957,Fort Irwin,2,1106,2026-01-04,2026-01-15,2026-01-22
958,Fort Knox,2,2222,2025-12-29,2026-01-17,2026-01-21
959,Fort Leonard Wood,2,551,2026-01-02,2026-01-21,2026-01-23
960,Camp Shelby,2,828,2026-01-01,2026-01-18,2026-01-20
961,Fort Hood,1,7598,2026-01-06,2026-01-20,2026-01-29
962,Fort Lewis,1,7555,2026-01-09,2026-01-28,2026-02-01
963,Camp Atterbury,1,6535,2026-01-08,2026-01-20,2026-01-24
964,Fort Bliss,1,7070,2025-12-23,2026-01-08,2026-01-18
965,Camp Pendleton,1,8361,2026-01-07,2026-01-24,2026-01-28
966,Fort Stewart,1,6181,2026-01-10,2026-01-27,2026-02-02
967,Fort Bragg,1,6853,2026-01-09,2026-01-28,2026-02-02
968,Fort McCoy,1,6913,2026-01-04,2026-01-24,2026-02-01
969,Fort Carson,1,8115,2025-12-26,2026-01-13,2026-01-15
970,Camp Lejune,1,6339,2026-01-04,2026-01-24,2026-01-27
971,Fort Campbell,1,5585,2026-01-04,2026-01-19,2026-01-22
972,Fort Riley,1,5906,2026-01-10,2026-01-26,2026-01-30
973,Fort Drum,1,6245,2026-01-02,2026-01-12,2026-01-17
974,Fort Dix,1,6009,2026-01-03,2026-01-23,2026-01-30
975,Fort Polk,1,5653,2025-12-29,2026-01-18,2026-01-24
976,Fort Still,1,9158,2025-12-26,2026-01-14,2026-01-18
977,Fort Irwin,1,9357,2026-01-03,2026-01-22,2026-01-28
978,Fort Knox,1,6754,2025-12-30,2026-01-14,2026-01-22
979,Fort Leonard Wood,1,5029,2025-12-23,2026-01-03,2026-01-05
980,Camp Shelby,1,7897,2026-01-08,2026-01-23,2026-01-30
981,Fort Hood,2,686,2026-01-08,2026-01-26,2026-01-28
982,Fort Lewis,2,2398,2025-12-23,2026-01-10,2026-01-15
983,Camp Atterbury,2,2007,2025-12-23,2026-01-10,2026-01-13
984,Fort Bliss,2,1837,2025-12-24,2026-01-10,2026-01-13
985,Camp Pendleton,2,1940,2025-12-26,2026-01-10,2026-01-16
986,Fort Stewart,2,1233,2025-12-30,2026-01-14,2026-01-18
987,Fort Bragg,2,2049,2026-01-11,2026-01-25,2026-01-29
988,Fort McCoy,2,2136,2026-01-03,2026-01-13,2026-01-19
989,Fort Carson,2,842,2026-01-09,2026-01-25,2026-02-03
990,Camp Lejune,2,2040,2026-01-01,2026-01-11,2026-01-16
991,Fort Campbell,2,2119,2025-12-25,2026-01-09,2026-01-17
992,Fort Riley,2,791,2026-01-07,2026-01-25,2026-02-03
993,Fort Drum,2,414,2026-01-08,2026-01-23,2026-01-31
994,Fort Dix,2,992,2025-12-24,2026-01-12,2026-01-18
995,Fort Polk,2,1361,2025-12-28,2026-01-15,2026-01-17
996,Fort Still,2,2227,2026-01-07,2026-01-27,2026-01-30
997,Fort Irwin,2,1885,2026-01-03,2026-01-15,2026-01-23
998,Fort Knox,2,1690,2025-12-31,2026-01-17,2026-01-25
999,Fort Leonard Wood,2,422,2025-12-28,2026-01-14,2026-01-23
1000,Camp Shelby,2,783,2026-01-02,2026-01-14,2026-01-19
